file,slice,landscape,time,season,palette,brightness,mood
jpg/A-01-lake-predawn-violet.jpg,A,lake,predawn,spring,violet,dark,serene
jpg/A-02-fjord-dawn-rose.jpg,A,fjord,dawn,winter,rose,mid,hopeful
jpg/A-03-river-morning-gold.jpg,A,river,morning,autumn,gold,light,warm
jpg/A-04-waterfall-noonhaze-sage.jpg,A,waterfall,noonhaze,summer,sage,mid,fresh
jpg/A-05-seacliffs-golden-amber.jpg,A,seacliffs,golden,autumn,amber,mid,majestic
jpg/A-06-shore-dusk-rose.jpg,A,shore,dusk,summer,rose,mid,tender
jpg/A-07-island-bluehour-nightblue.jpg,A,island,bluehour,winter,nightblue,dark,contemplative
jpg/A-08-lagoon-moonlit-silver.jpg,A,lagoon,moonlit,summer,silver,dark,peaceful
jpg/A-09-frozenlake-starry-nightblue.jpg,A,frozenlake,starry,winter,nightblue,dark,awe
jpg/A-10-rainlake-morning-silver.jpg,A,rainlake,morning,autumn,silver,mid,reflective
jpg/A-11-tidepools-dawn-teal.jpg,A,tidepools,dawn,spring,teal,mid,fresh
jpg/A-12-ocean-noonhaze-teal.jpg,A,ocean,noonhaze,summer,teal,light,expansive
jpg/A-13-estuary-golden-gold.jpg,A,estuary,golden,autumn,gold,mid,warm
jpg/A-14-mirror-dawn-amber.jpg,A,mirror,dawn,autumn,amber,mid,serene
jpg/A-15-lake-golden-gold.jpg,A,lake,golden,summer,gold,light,warm
jpg/A-16-fjord-moonlit-silver.jpg,A,fjord,moonlit,autumn,silver,dark,mysterious
jpg/A-17-river-dusk-violet.jpg,A,river,dusk,spring,violet,mid,gentle
jpg/A-18-waterfall-bluehour-silver.jpg,A,waterfall,bluehour,winter,silver,mid,pure
jpg/A-19-seacliffs-bluehour-nightblue.jpg,A,seacliffs,bluehour,spring,nightblue,dark,contemplative
jpg/A-20-shore-morning-sage.jpg,A,shore,morning,spring,sage,light,fresh
jpg/A-21-island-dusk-amber.jpg,A,island,dusk,summer,amber,mid,hopeful
jpg/A-22-lagoon-noonhaze-teal.jpg,A,lagoon,noonhaze,spring,teal,light,calm
jpg/A-23-frozenlake-dawn-rose.jpg,A,frozenlake,dawn,winter,rose,light,pure
jpg/A-24-rainlake-dusk-violet.jpg,A,rainlake,dusk,summer,violet,mid,tender
jpg/A-25-tidepools-moonlit-silver.jpg,A,tidepools,moonlit,summer,silver,mid,peaceful
jpg/A-26-ocean-moonlit-silver.jpg,A,ocean,moonlit,autumn,silver,dark,vast
jpg/A-27-estuary-predawn-nightblue.jpg,A,estuary,predawn,winter,nightblue,dark,quiet
jpg/A-28-mirror-bluehour-teal.jpg,A,mirror,bluehour,winter,teal,mid,still
jpg/A-29-lake-starry-nightblue.jpg,A,lake,starry,summer,nightblue,dark,awe
jpg/A-30-fjord-noonhaze-sage.jpg,A,fjord,noonhaze,summer,sage,mid,expansive
jpg/A-31-river-bluehour-teal.jpg,A,river,bluehour,winter,teal,light,hushed
jpg/A-32-waterfall-golden-amber.jpg,A,waterfall,golden,autumn,amber,mid,warm
jpg/A-33-seacliffs-dawn-rose.jpg,A,seacliffs,dawn,summer,rose,light,uplifting
jpg/A-34-shore-starry-nightblue.jpg,A,shore,starry,autumn,nightblue,dark,awe
jpg/A-35-island-morning-sage.jpg,A,island,morning,spring,sage,light,fresh
jpg/A-36-lagoon-dusk-rose.jpg,A,lagoon,dusk,autumn,rose,mid,tender
jpg/A-37-frozenlake-moonlit-silver.jpg,A,frozenlake,moonlit,winter,silver,mid,serene
jpg/A-38-rainlake-noonhaze-sage.jpg,A,rainlake,noonhaze,spring,sage,light,renewing
jpg/A-39-tidepools-bluehour-teal.jpg,A,tidepools,bluehour,winter,teal,dark,contemplative
jpg/A-40-ocean-dawn-rose.jpg,A,ocean,dawn,spring,rose,light,hopeful
jpg/A-41-estuary-morning-sage.jpg,A,estuary,morning,summer,sage,light,peaceful
jpg/A-42-mirror-golden-gold.jpg,A,mirror,golden,spring,gold,light,radiant
jpg/A-43-lake-starry-violet.jpg,A,lake,starry,autumn,violet,dark,awe
jpg/A-44-fjord-golden-amber.jpg,A,fjord,golden,spring,amber,light,majestic
jpg/A-45-river-predawn-violet.jpg,A,river,predawn,summer,violet,mid,quiet
jpg/A-46-waterfall-moonlit-nightblue.jpg,A,waterfall,moonlit,summer,nightblue,dark,mysterious
jpg/A-47-seacliffs-noonhaze-silver.jpg,A,seacliffs,noonhaze,winter,silver,light,austere
jpg/A-48-shore-predawn-teal.jpg,A,shore,predawn,winter,teal,dark,still
jpg/A-49-island-starry-nightblue.jpg,A,island,starry,autumn,nightblue,dark,awe
jpg/A-50-lagoon-golden-gold.jpg,A,lagoon,golden,winter,gold,light,warm
jpg/A-51-frozenlake-predawn-amber.jpg,A,frozenlake,predawn,spring,amber,mid,hopeful
jpg/A-52-rainlake-bluehour-nightblue.jpg,A,rainlake,bluehour,winter,nightblue,dark,reflective
jpg/A-53-tidepools-morning-sage.jpg,A,tidepools,morning,autumn,sage,mid,gentle
jpg/A-54-ocean-starry-violet.jpg,A,ocean,starry,summer,violet,dark,infinite
jpg/A-55-estuary-dusk-violet.jpg,A,estuary,dusk,spring,violet,mid,tender
jpg/A-56-mirror-predawn-violet.jpg,A,mirror,predawn,summer,violet,mid,still
jpg/A-57-lake-dawn-gold.jpg,A,lake,dawn,winter,gold,mid,pure
jpg/A-58-ocean-dusk-amber.jpg,A,ocean,dusk,winter,amber,mid,reflective
jpg/A-59-shore-noonhaze-rose.jpg,A,shore,noonhaze,autumn,rose,light,gentle
jpg/A-60-waterfall-morning-gold.jpg,A,waterfall,morning,spring,gold,mid,fresh
B-01-dunes-predawn-silver.jpg,B,dunes,predawn,winter,silver,mid,hushed
B-02-ripples-dawn-rose.jpg,B,ripples,dawn,spring,rose,mid,tender
B-03-canyon-morning-amber.jpg,B,canyon,morning,autumn,amber,mid,majestic
B-04-mesa-golden-gold.jpg,B,mesa,golden,autumn,gold,light,steadfast
B-05-oasis-dusk-violet.jpg,B,oasis,dusk,summer,violet,mid,peaceful
B-06-saltflat-noon-ivory.jpg,B,saltflat,noon,summer,ivory,light,open
B-07-milkyway-starry-nightblue.jpg,B,milkyway,starry,summer,nightblue,dark,awe
B-08-cloudscape-morning-ivory.jpg,B,cloudscape,morning,spring,ivory,light,uplifted
B-09-rays-dawn-gold.jpg,B,rays,dawn,winter,gold,light,hopeful
B-10-moonrise-bluehour-teal.jpg,B,moonrise,bluehour,winter,teal,mid,serene
B-11-aurora-starry-teal.jpg,B,aurora,starry,winter,teal,dark,wonder
B-12-crackedearth-golden-amber.jpg,B,crackedearth,golden,summer,amber,mid,patient
B-13-wadi-morning-silver.jpg,B,wadi,morning,spring,silver,light,renewed
B-14-dunes-bluehour-violet.jpg,B,dunes,bluehour,autumn,violet,mid,calm
B-15-rockdesert-moonlit-silver.jpg,B,rockdesert,moonlit,autumn,silver,mid,still
B-16-skyhorizon-predawn-nightblue.jpg,B,skyhorizon,predawn,autumn,nightblue,dark,expectant
B-17-canyon-dusk-rose.jpg,B,canyon,dusk,spring,rose,mid,reflective
B-18-oasis-morning-teal.jpg,B,oasis,morning,spring,teal,mid,fresh
B-19-saltflat-bluehour-rose.jpg,B,saltflat,bluehour,winter,rose,mid,dreamlike
B-20-ripples-noon-ivory.jpg,B,ripples,noon,summer,ivory,light,gentle
B-21-starfield-starry-violet.jpg,B,starfield,starry,autumn,violet,dark,infinite
B-22-mesa-dusk-amber.jpg,B,mesa,dusk,spring,amber,mid,relieved
B-23-cloudscape-golden-gold.jpg,B,cloudscape,golden,autumn,gold,light,radiant
B-24-dunes-moonlit-nightblue.jpg,B,dunes,moonlit,summer,nightblue,dark,tranquil
B-25-wadi-golden-amber.jpg,B,wadi,golden,winter,amber,mid,warm
B-26-crackedearth-predawn-violet.jpg,B,crackedearth,predawn,summer,violet,mid,quiet
B-27-rays-golden-amber.jpg,B,rays,golden,summer,amber,light,glowing
B-28-moonrise-dusk-rose.jpg,B,moonrise,dusk,autumn,rose,mid,tender
B-29-aurora-bluehour-violet.jpg,B,aurora,bluehour,winter,violet,mid,mysterious
B-30-skyhorizon-noon-silver.jpg,B,skyhorizon,noon,winter,silver,light,contemplative
B-31-dunes-golden-gold.jpg,B,dunes,golden,autumn,gold,mid,abundant
B-32-canyon-predawn-teal.jpg,B,canyon,predawn,spring,teal,mid,solemn
B-33-oasis-starry-nightblue.jpg,B,oasis,starry,summer,nightblue,dark,sheltered
B-34-saltflat-dawn-gold.jpg,B,saltflat,dawn,autumn,gold,mid,awakening
B-35-ripples-bluehour-teal.jpg,B,ripples,bluehour,spring,teal,mid,cool
B-36-rockdesert-noon-amber.jpg,B,rockdesert,noon,summer,amber,light,sun-warmed
B-37-mesa-moonlit-teal.jpg,B,mesa,moonlit,autumn,teal,mid,watchful
B-38-cloudscape-dusk-violet.jpg,B,cloudscape,dusk,summer,violet,mid,gentle
B-39-milkyway-starry-silver.jpg,B,milkyway,starry,spring,silver,mid,vast
B-40-skyhorizon-golden-rose.jpg,B,skyhorizon,golden,spring,rose,light,warm
B-41-wadi-dawn-rose.jpg,B,wadi,dawn,winter,rose,mid,soft
B-42-crackedearth-morning-teal.jpg,B,crackedearth,morning,autumn,teal,mid,restored
B-43-dunes-dawn-ivory.jpg,B,dunes,dawn,winter,ivory,light,cleansed
B-44-rays-morning-silver.jpg,B,rays,morning,autumn,silver,light,lifting
B-45-moonrise-bluehour-nightblue.jpg,B,moonrise,bluehour,summer,nightblue,dark,serene
B-46-oasis-golden-amber.jpg,B,oasis,golden,winter,amber,mid,welcoming
B-47-canyon-noon-ivory.jpg,B,canyon,noon,spring,ivory,light,airy
B-48-rockdesert-dawn-violet.jpg,B,rockdesert,dawn,autumn,violet,dark,resolute
B-49-starfield-starry-nightblue.jpg,B,starfield,starry,winter,nightblue,dark,boundless
B-50-cloudscape-golden-gold.jpg,B,cloudscape,golden,spring,gold,mid,grace
B-51-mesa-predawn-rose.jpg,B,mesa,predawn,winter,rose,mid,waiting
B-52-ripples-moonlit-silver.jpg,B,ripples,moonlit,autumn,silver,mid,quiet
B-53-skyhorizon-dusk-amber.jpg,B,skyhorizon,dusk,winter,amber,mid,closing
B-54-dunes-noon-ivory.jpg,B,dunes,noon,spring,ivory,light,pure
B-55-wadi-moonlit-nightblue.jpg,B,wadi,moonlit,spring,nightblue,dark,consoling
B-56-dunes-dusk-rose.jpg,B,dunes,dusk,summer,rose,mid,wistful
B-57-crackedearth-moonlit-silver.jpg,B,crackedearth,moonlit,autumn,silver,mid,solitary
B-58-oasis-predawn-silver.jpg,B,oasis,predawn,autumn,silver,light,hushed
B-59-canyon-bluehour-nightblue.jpg,B,canyon,bluehour,autumn,nightblue,dark,deep
B-60-skyhorizon-morning-teal.jpg,B,skyhorizon,morning,summer,teal,light,clear-minded
C-01-snowpeaks-dawn-rose.jpg,C,snow peaks,dawn,winter,rose,light,serene
C-02-ridges-predawn-violet.jpg,C,layered ridges,predawn,autumn,violet,mid,contemplative
C-03-cloudsea-morning-gold.jpg,C,sea of clouds,morning,summer,gold,light,uplifting
C-04-rollinghills-golden-gold.jpg,C,rolling green hills,golden,summer,gold,mid,warm
C-05-terraces-morning-sage.jpg,C,terraced hills,morning,spring,sage,light,fresh
C-06-alpinemeadow-noonhaze-sage.jpg,C,alpine meadow,noonhaze,summer,sage,light,peaceful
C-07-wildflowers-golden-rose.jpg,C,wildflower slope,golden,spring,rose,mid,tender
C-08-pinefog-morning-rust.jpg,C,pine forest in fog,morning,autumn,rust,light,hushed
C-09-autumnwoods-golden-rust.jpg,C,autumn woods,golden,autumn,rust,mid,warm
C-10-birch-noonhaze-silver.jpg,C,birch grove,noonhaze,winter,silver,light,pure
C-11-olivegrove-dusk-sage.jpg,C,olive grove,dusk,summer,sage,mid,calm
C-12-cedars-morning-teal.jpg,C,cedar forest,morning,winter,teal,mid,majestic
C-13-palmgrove-noonhaze-gold.jpg,C,palm grove,noonhaze,summer,gold,light,warm
C-14-lonetree-bluehour-nightblue.jpg,C,lone tree on a hill,bluehour,winter,nightblue,dark,solitary
C-15-sunbeams-morning-gold.jpg,C,sunbeams through trees,morning,spring,gold,mid,hopeful
C-16-snowyforest-moonlit-nightblue.jpg,C,snowy forest,moonlit,winter,nightblue,dark,still
C-17-valley-dawn-teal.jpg,C,valley,dawn,spring,teal,mid,awakening
C-18-snowpeaks-moonlit-silver.jpg,C,snow peaks,moonlit,winter,silver,dark,majestic
C-19-ridges-noonhaze-teal.jpg,C,layered ridges,noonhaze,summer,teal,light,expansive
C-20-cloudsea-dusk-violet.jpg,C,sea of clouds,dusk,autumn,violet,mid,reflective
C-21-rollinghills-predawn-nightblue.jpg,C,rolling green hills,predawn,spring,nightblue,dark,quiet
C-22-terraces-golden-rust.jpg,C,terraced hills,golden,autumn,rust,mid,grateful
C-23-alpinemeadow-dawn-rose.jpg,C,alpine meadow,dawn,spring,rose,light,gentle
C-24-wildflowers-morning-sage.jpg,C,wildflower slope,morning,summer,sage,light,joyful
C-25-pinefog-bluehour-teal.jpg,C,pine forest in fog,bluehour,winter,teal,dark,mysterious
C-26-autumnwoods-predawn-violet.jpg,C,autumn woods,predawn,autumn,violet,mid,wistful
C-27-birch-dawn-gold.jpg,C,birch grove,dawn,autumn,gold,light,warm
C-28-olivegrove-morning-silver.jpg,C,olive grove,morning,spring,silver,light,peaceful
C-29-cedars-dusk-rust.jpg,C,cedar forest,dusk,autumn,rust,mid,solemn
C-30-palmgrove-bluehour-violet.jpg,C,palm grove,bluehour,summer,violet,dark,tranquil
C-31-lonetree-dawn-gold.jpg,C,lone tree on a hill,dawn,spring,gold,light,hopeful
C-32-sunbeams-golden-rust.jpg,C,sunbeams through trees,golden,autumn,rust,mid,reverent
C-33-snowyforest-dawn-rose.jpg,C,snowy forest,dawn,winter,rose,light,pure
C-34-valley-moonlit-silver.jpg,C,valley,moonlit,summer,silver,dark,calm
C-35-snowpeaks-golden-gold.jpg,C,snow peaks,golden,autumn,gold,mid,majestic
C-36-ridges-dusk-rose.jpg,C,layered ridges,dusk,spring,rose,mid,wistful
C-37-cloudsea-moonlit-nightblue.jpg,C,sea of clouds,moonlit,winter,nightblue,dark,transcendent
C-38-rollinghills-noonhaze-sage.jpg,C,rolling green hills,noonhaze,spring,sage,light,soft
C-39-terraces-predawn-teal.jpg,C,terraced hills,predawn,summer,teal,mid,mystical
C-40-alpinemeadow-bluehour-violet.jpg,C,alpine meadow,bluehour,summer,violet,dark,serene
C-41-wildflowers-dusk-violet.jpg,C,wildflower slope,dusk,summer,violet,mid,dreamy
C-42-pinefog-predawn-silver.jpg,C,pine forest in fog,predawn,spring,silver,mid,hushed
C-43-autumnwoods-dusk-rose.jpg,C,autumn woods,dusk,autumn,rose,mid,nostalgic
C-44-birch-moonlit-nightblue.jpg,C,birch grove,moonlit,winter,nightblue,dark,quiet
C-45-olivegrove-moonlit-silver.jpg,C,olive grove,moonlit,winter,silver,dark,peaceful
C-46-cedars-predawn-nightblue.jpg,C,cedar forest,predawn,winter,nightblue,dark,ancient
C-47-palmgrove-dawn-rose.jpg,C,palm grove,dawn,spring,rose,light,gentle
C-48-lonetree-golden-rust.jpg,C,lone tree on a hill,golden,autumn,rust,mid,reflective
C-49-sunbeams-noonhaze-teal.jpg,C,sunbeams through trees,noonhaze,summer,teal,light,fresh
C-50-snowyforest-noonhaze-silver.jpg,C,snowy forest,noonhaze,winter,silver,light,still
C-51-valley-bluehour-teal.jpg,C,valley,bluehour,autumn,teal,dark,calm
C-52-snowpeaks-bluehour-violet.jpg,C,snow peaks,bluehour,winter,violet,dark,awe
C-53-ridges-golden-rust.jpg,C,layered ridges,golden,autumn,rust,mid,warm
C-54-cloudsea-predawn-violet.jpg,C,sea of clouds,predawn,summer,violet,mid,expectant
C-55-rollinghills-dusk-rose.jpg,C,rolling green hills,dusk,spring,rose,mid,tender
C-56-valley-morning-sage.jpg,C,valley,morning,spring,sage,light,renewal
C-57-lonetree-moonlit-silver.jpg,C,lone tree on a hill,moonlit,summer,silver,dark,solitary
C-58-snowhills-bluehour-nightblue.jpg,C,snowy rolling hills,bluehour,winter,nightblue,dark,still
C-59-larchforest-dusk-gold.jpg,C,larch forest,dusk,autumn,gold,mid,grateful
C-60-beechsunbeams-dawn-sage.jpg,C,sunbeams through trees,dawn,spring,sage,light,renewal
jpg/D-01-city-dawn-rose.jpg,D-place,distant city,dawn,spring,rose,light,serene
jpg/D-02-city-sunset-gold.jpg,D-place,distant city,sunset,autumn,gold,mid,reflective
jpg/D-03-city-bluehour-nightblue.jpg,D-place,distant city,bluehour,winter,nightblue,dark,contemplative
jpg/D-04-city-morning-ivory.jpg,D-place,distant city,morning,summer,ivory,light,peaceful
jpg/D-05-courtyard-dusk-amber.jpg,D-place,courtyard,dusk,autumn,amber,mid,tranquil
jpg/D-06-courtyard-night-nightblue.jpg,D-place,courtyard,night,winter,nightblue,dark,still
jpg/D-07-courtyard-morning-sage.jpg,D-place,courtyard,morning,spring,sage,light,fresh
jpg/D-08-courtyard-afternoon-rose.jpg,D-place,courtyard,afternoon,summer,rose,light,gentle
jpg/D-09-garden-morning-sage.jpg,D-place,garden,morning,spring,sage,light,serene
jpg/D-10-garden-sunset-gold.jpg,D-place,garden,sunset,summer,gold,mid,warm
jpg/D-11-garden-dusk-teal.jpg,D-place,garden,dusk,autumn,teal,mid,calm
jpg/D-12-garden-night-nightblue.jpg,D-place,garden,night,summer,nightblue,dark,peaceful
jpg/D-13-tilecorridor-afternoon-teal.jpg,D-place,arched corridor,afternoon,summer,teal,mid,meditative
jpg/D-14-tilecorridor-morning-ivory.jpg,D-place,arched corridor,morning,spring,ivory,light,airy
jpg/D-15-tilecorridor-dusk-amber.jpg,D-place,arched corridor,dusk,autumn,amber,mid,warm
jpg/D-16-tilecorridor-bluehour-nightblue.jpg,D-place,arched corridor,bluehour,winter,nightblue,dark,quiet
jpg/D-17-lattice-morning-gold.jpg,D-place,interior stone,morning,spring,gold,mid,hopeful
jpg/D-18-lattice-afternoon-ivory.jpg,D-place,interior stone,afternoon,summer,ivory,light,still
jpg/D-19-lattice-sunset-rose.jpg,D-place,interior stone,sunset,autumn,rose,mid,tender
jpg/D-20-lattice-dusk-teal.jpg,D-place,interior stone,dusk,winter,teal,dark,contemplative
jpg/D-21-rainwindow-morning-sage.jpg,D-place,window,morning,autumn,sage,mid,reflective
jpg/D-22-rainwindow-night-amber.jpg,D-place,window,night,winter,amber,dark,cozy
jpg/D-23-rainwindow-dusk-violet.jpg,D-place,window,dusk,spring,violet,mid,pensive
jpg/D-24-rainwindow-afternoon-ivory.jpg,D-place,window,afternoon,summer,ivory,light,gentle
jpg/D-25-countrypath-dawn-gold.jpg,D-place,countryside,dawn,summer,gold,light,hopeful
jpg/D-26-countrypath-morning-sage.jpg,D-place,countryside,morning,spring,sage,light,fresh
jpg/D-27-countrypath-sunset-amber.jpg,D-place,countryside,sunset,autumn,amber,mid,nostalgic
jpg/D-28-countrypath-morning-ivory.jpg,D-place,countryside,morning,winter,ivory,light,quiet
jpg/D-29-library-afternoon-amber.jpg,D-place,library,afternoon,autumn,amber,mid,studious
jpg/D-30-library-night-gold.jpg,D-place,library,night,winter,gold,dark,cozy
jpg/D-31-library-morning-ivory.jpg,D-place,library,morning,spring,ivory,light,calm
jpg/D-32-library-dusk-teal.jpg,D-place,library,dusk,autumn,teal,mid,contemplative
jpg/D-33-lamp-dusk-violet.jpg,D-place,street,dusk,autumn,violet,mid,solitary
jpg/D-34-lamp-dusk-nightblue.jpg,D-place,park,dusk,winter,nightblue,dark,quiet
jpg/D-35-lamp-dusk-rose.jpg,D-place,seaside,dusk,summer,rose,mid,tender
jpg/D-36-lamp-dusk-teal.jpg,D-place,lakeside,dusk,spring,teal,mid,still
jpg/D-37-clouds-day-ivory.jpg,D-texture,sky texture,day,summer,ivory,light,airy
jpg/D-38-clouds-sunset-rose.jpg,D-texture,sky texture,sunset,autumn,rose,mid,dreamy
jpg/D-39-clouds-dawn-gold.jpg,D-texture,sky texture,dawn,spring,gold,light,hopeful
jpg/D-40-mist-dawn-sage.jpg,D-texture,mist texture,dawn,autumn,sage,light,serene
jpg/D-41-mist-night-nightblue.jpg,D-texture,mist texture,night,winter,nightblue,dark,mysterious
jpg/D-42-mist-morning-violet.jpg,D-texture,mist texture,morning,spring,violet,light,ethereal
jpg/D-43-ripples-sunset-gold.jpg,D-texture,water texture,sunset,summer,gold,mid,calm
jpg/D-44-ripples-day-teal.jpg,D-texture,water texture,day,summer,teal,mid,refreshing
jpg/D-45-ripples-night-nightblue.jpg,D-texture,water texture,night,autumn,nightblue,dark,still
jpg/D-46-bokeh-night-amber.jpg,D-texture,bokeh texture,night,winter,amber,dark,warm
jpg/D-47-bokeh-dusk-rose.jpg,D-texture,bokeh texture,dusk,autumn,rose,mid,tender
jpg/D-48-bokeh-night-teal.jpg,D-texture,bokeh texture,night,summer,teal,dark,calm
jpg/D-49-sand-morning-gold.jpg,D-texture,sand texture,morning,summer,gold,light,warm
jpg/D-50-sand-sunset-amber.jpg,D-texture,sand texture,sunset,autumn,amber,mid,reflective
jpg/D-51-sand-dawn-rose.jpg,D-texture,sand texture,dawn,winter,rose,light,gentle
jpg/D-52-silk-day-ivory.jpg,D-texture,silk texture,day,spring,ivory,light,graceful
jpg/D-53-silk-dusk-violet.jpg,D-texture,silk texture,dusk,autumn,violet,mid,dreamy
jpg/D-54-silk-night-teal.jpg,D-texture,silk texture,night,winter,teal,dark,elegant
jpg/D-55-duskysky-dusk-violet.jpg,D-texture,sky gradient,dusk,summer,violet,mid,peaceful
jpg/D-56-duskysky-dusk-nightblue.jpg,D-texture,sky gradient,dusk,winter,nightblue,dark,serene
jpg/D-57-duskysky-dusk-amber.jpg,D-texture,sky gradient,dusk,autumn,amber,mid,warm
jpg/D-58-frost-morning-ivory.jpg,D-texture,frost texture,morning,winter,ivory,light,crisp
jpg/D-59-frost-dawn-rose.jpg,D-texture,frost texture,dawn,winter,rose,light,gentle
jpg/D-60-frost-night-nightblue.jpg,D-texture,frost texture,night,winter,nightblue,dark,still
